sample_id,time_s,temp_C,humidity_pct,voltage_V,current_A,mode_code
1,0,25.2,61,5.0,0.42,1
2,5,25.8,60,5.1,0.43,1
3,10,26.4,60,5.0,0.45,1
4,15,27.1,59,5.2,0.46,1
5,20,28.0,58,5.3,0.49,2
6,25,29.4,57,5.2,0.52,2
7,30,31.1,56,5.4,0.55,2
8,35,32.6,55,5.5,0.57,2
9,40,33.2,54,5.4,0.61,2
10,45,32.0,55,5.3,0.58,2
11,50,30.1,57,5.2,0.50,1
12,55,28.6,59,5.1,0.47,1
13,60,27.3,60,5.0,0.44,1
14,65,26.5,61,4.9,0.41,1
15,70,34.8,53,5.6,0.64,2
16,75,24.0,65,4.8,0.39,1
17,80,27.0,60,5.0,0.44,0
18,85,26.4,62,4.9,0.41,1
